-- phpMyAdmin SQL Dump
-- version 3.4.8
-- http://www.phpmyadmin.net
--
-- 主机: 116.255.205.70
-- 生成日期: 2014 年 04 月 08 日 22:10
-- 服务器版本: 5.1.69
-- PHP 版本: 5.2.17

SET SQL_MODE="NO_AUTO_VALUE_ON_ZERO";
SET time_zone = "+00:00";


/*!40101 SET @OLD_CHARACTER_SET_CLIENT=@@CHARACTER_SET_CLIENT */;
/*!40101 SET @OLD_CHARACTER_SET_RESULTS=@@CHARACTER_SET_RESULTS */;
/*!40101 SET @OLD_COLLATION_CONNECTION=@@COLLATION_CONNECTION */;
/*!40101 SET NAMES utf8 */;

--
-- 数据库: `why2012`
--

-- --------------------------------------------------------

--
-- 表的结构 `book`
--

CREATE TABLE IF NOT EXISTS `book` (
  `isbn10` varchar(10) NOT NULL,
  `isbn13` varchar(13) DEFAULT NULL,
  `title` varchar(50) NOT NULL,
  `images` text,
  `publisher` varchar(50) DEFAULT NULL,
  `pubdate` date DEFAULT NULL,
  `author_intro` text,
  `summary` text,
  `avg_score` int(1) DEFAULT NULL,
  `id` bigint(20) NOT NULL AUTO_INCREMENT,
  PRIMARY KEY (`id`),
  UNIQUE KEY `isbn10` (`isbn10`),
  UNIQUE KEY `isbn13` (`isbn13`)
) ENGINE=InnoDB  DEFAULT CHARSET=utf8 AUTO_INCREMENT=4 ;

--
-- 转存表中的数据 `book`
--

INSERT INTO `book` (`isbn10`, `isbn13`, `title`, `images`, `publisher`, `pubdate`, `author_intro`, `summary`, `avg_score`, `id`) VALUES
('7536692935', '9787536692930', '三体', 'http://img4.douban.com/spic/s2865028.jpg|http://img4.douban.com/mpic/s2865028.jpg|http://img4.douban.com/lpic/s2865028.jpg', '重庆出版社', '0000-00-00', '刘慈欣，祖籍河南，长于山西，中国科普作家协会会员，山西省作家协会会员，高级工程师。\n自1999年处女作《鲸歌》问世以来，刘慈欣已发表短篇科幻小说三十余篇、出版长篇科幻小说六部，并创下连续八年荣获中国科幻最高奖“银河奖”的纪录。他的长篇作品《三体》开创《科幻世界》月刊连载原创作品的先例，成为2006年度最受关注、最畅销的科幻小说。', '文化大革命如火如荼进行的同时。军方探寻外星文明的绝秘计划“红岸工程”取得了突破性进展。但在按下发射键的那一刻，历经劫难的叶文洁没有意识到，她彻底改变了人类的命运。地球文明向宇宙发出的第一声啼鸣，以太阳为中心，以光速向宇宙深处飞驰……\n四光年外，“三体文明”正苦苦挣扎——三颗无规则运行的太阳主导下的百余次毁灭与重生逼迫他们逃离母星。而恰在此时。他们接收到了地球发来的信息。在运用超技术锁死地球人的基础科学之后。三体人庞大的宇宙舰队开始向地球进发……\n人类的末日悄然来临。', 9, 1),
('7536457839', '9787536457836', '沙丘', 'http://img3.douban.com/spic/s6774333.jpg|http://img3.douban.com/mpic/s6774333.jpg|http://img3.douban.com/lpic/s6774333.jpg', '四川科学技术出版社', '0000-00-00', '作为美国最具影响力的科幻巨匠之一，赫伯特在科幻文学中的地位如同托尔金在奇幻文学中的地位一样，无人可以动摇在他的代表作《沙丘》之前，没有一部科幻小说能营造出如此细致入微的想像世界。\n赫伯特一生共创作了二十三部长篇小说和五部短篇小说集，其中最成功的便是由《沙丘》《沙丘救世主》和《沙丘之子》三部长篇构成的一伟大沙丘三部曲”。\n赫伯特的作品不仅结构庞大复杂，蕴含着深刻的思想，更重要的是，“作为受人敬仰的领袖人物和经验丰富的‘水手’，他教会了科幻作家如何赋予科幻小说以思想。”', '弗兰克·赫伯特以精细入微的笔法创造了一个与地球截然不同的世界。行星阿拉吉斯。既是英勇豪迈、心计深沉的亚崔迪家族的领地，是阴鸷冷酷、顽强剽悍的弗瑞曼人的故乡，也是庞大无匹、可以吞噬一切的沙虫的巢穴。它所出产的，更是整个人类宇宙梦寐以求的珍宝——香料。\n以这颗行星为舞台，上演着英勇和怯懦、高尚和卑鄙、忠诚和背叛的大剧，它的一举一动。都牵动着整个人类宇宙。\n人们常常用另一个名字称呼这颗干旱的星球——沙丘。\n在这部规模宏大、情节曲折的宇宙史诗的序曲中，亚崔迪家族陷入了绝境，少年保罗的父亲莱托·亚崔迪公爵被银河皇帝转封到了字宙中惟一出产香料的星球一一“沙丘”星。世人皆知，这是亚崔迪家族的死敌哈肯尼男爵的诡计，他要在这里将亚崔迪家族赶尽杀绝。\n但是，如果少年保罗能够证明自己是神秘的比·吉斯特姐妹会培育出来的可以同时存在于不同时空的超人，是沙丘星上的土著弗瑞曼人传说中的带领他们赢得自由的“天外纶音”，亚崔迪家族就还有一线生机……\n本书一经面世，便受到空前好评，先后荣获了星云奖和雨果奖的最佳长篇奖，更被读者评为“有史以来最富想像力的作品”。', 9, 2),
('7505715666', '9787505715660', '小王子', 'http://img3.douban.com/spic/s1201834.jpg|http://img3.douban.com/mpic/s1201834.jpg|http://img3.douban.com/lpic/s1201834.jpg', '中国友谊出版公司', '2000-09-01', '圣埃克苏佩里（1900－1944）1900年，尼采逝世。这一年，安德烈・纪德在布鲁塞尔一次会议上宣称：“当今文学土地的面貌可以说是一片沼泽。”1900年，圣埃克苏佩里诞生。净化沼泽的意愿和能力历史地落在这个“世纪儿”的身上，圣埃克苏佩里是尼采式的第二代法国作家，拿但业的儿子，琐罗亚斯德的孙子，这个飞行员受到极大的遗传影响。灾种影响使他在探索、忧虑和英雄主义的道路上走到尽头。如尼采所说：“你应该超截止自己，走得更远，登得更高，直至群星在你脚下。”尼采成为他座舱中想象的伙伴。这个飞越沙漠和海洋的年轻驾驶员同样也遵循着纪德的教诲：“与其过宁静的生活，不如过悲怆的生活。”圣埃克苏佩里在他整个的一生中都在反复思考力量和热诚的真谛。\n圣埃克苏佩里（AntoinedeSaiot-Exupery），1900年出生于法国里昂，1921-1923年在法国空军中服役，曾是后备飞行员，后来又成为民用航空驾驶员，参加了开辟法国――非洲――南美国际航线的工作，其间他还从事文学写作，作品有《南线班机》（1930），《夜航》（1931）等等。\n1939年德国法西斯入侵法国，鉴于圣埃克苏佩里曾多次受伤，医生认为他不能再入伍参战；但经他坚决要求，参加了抗德战争，被编入2/33空军侦察大队。1940年法国在战争中溃败，他所在的部队损失惨重，该部被调往阿尔及尔，随后即被复员，他只身流亡美国。在美国期间，他继续从事写作，1940年发表了《战斗飞行员》，1943年发表了《给一个人质的信》以及《小王子》。\n1943年，在他的强烈要求下，他回到法国在北非的抗战基地阿尔及尔。他的上级考虑到他的身体和年龄状况，只同意他执行五次飞行任务，他却要求到八次，1944年7月31日上午，他出航执行第八次任务，从此再也没有回来，牺牲时，年仅44岁。\n在欧洲某地的一个湖中，发现了圣・德克旭贝里的飞机残骸。这次搜索是经过对他最后一次出航的线路和德军当时的空军记录研究以后进行的，经过认证确认是那架失踪了半个世纪的侦察机。为了纪念这位伟大的战士和文学家，当地决定为这架飞机的残骸建立一个博物馆，以他的名字命名，陈列他的作品和遗物。', '小王子驾到！大家好，我是小王子，生活在B612星球，别看我是王子出生，我要做的事也不少，有时给花浇水，有时我还得耐心地把火山口通一通。实在闷得发慌的时候，为了找些事做，学点东西，我也访问一些其他的星球，像325号、326号、327号之类的。当然，我经历的事情也不少，有开心的，也有不开心的。这些事我通常会向地球上一个叫圣埃克苏佩里的人倾诉。对了，你可不要小瞧他，他是拿但业的儿子，琐罗亚斯德的孙子。他还被人们认为尼采式的第二代法国作家。他一生有两大爱好：飞行和写作。我之所以能够这样受欢迎也是他的功劳。因为他把我在其他星球的所见所闻编成了一本小书，也就是你们即将看到的这一本。它不但被誉为有史以来阅读仅次于《圣经》的书，全球发行的语言更是超过100种。可惜的是，在这本书出版后没多久，他在一次架机执行任务时一去不复返了，没有人知道他去了哪里。今天我第一次来到中国，还希望大家同样能够喜欢我。在这本书里他收藏了很多我在其他星球的精美彩图，而且，值得一提的是，中国著名的评论家周国平先生也特意为我作序。可以说，这本书不仅小朋友们爱不释手，就连大人们也会看得如痴如醉。糟糕，我还忘了告诉你，你只有在卓越网（www.joyo.com）才能找到我。有缘的话，我们很快就能相见了。\n尼采、纪德、圣埃克苏佩里是同一家庭的成员，由无可否认的联系连在一起。圣埃克苏佩里热爱尼采。纪德热爱圣埃克苏佩里。\n1945年2月1日《费加罗报》上，他谈到这位飞行员："他无论在何处着陆，都是为了带去欢乐。"\n但是圣埃克苏佩里将公正置于友谊之上。他在《札记》中写道："纪德评价，却不曾体验。"确切的见解。这是行动者面对思想者所感到的骄傲。尼采和纪德孕育了一种道德，并用美妙的文学冲动表现出来。只有圣埃克苏佩里一人在危险和充实中体验了这种道德。他是翱翔于九天的琐罗亚斯德，是乘风飞去的拿但业。他的书房便是机舱。他的格言：事事体验。他的作品：生活。圣埃克苏佩里对尼采的力量和纪德的热诚做作了合理的总结：他的冒险为职业，把写作当嗜好，他在飞行员的位置上实现着克尔桤郭尔的愿望："做一个思想家和做一个人，二者尽量不要区别开来，这样才是明智的。"--（法）玛雅·戴斯特莱姆', 9, 3);

-- --------------------------------------------------------

--
-- 表的结构 `book_author`
--

CREATE TABLE IF NOT EXISTS `book_author` (
  `id` int(10) NOT NULL AUTO_INCREMENT,
  `book_id` bigint(20) NOT NULL,
  `author` varchar(50) NOT NULL,
  PRIMARY KEY (`id`)
) ENGINE=InnoDB  DEFAULT CHARSET=utf8 AUTO_INCREMENT=4 ;

--
-- 转存表中的数据 `book_author`
--

INSERT INTO `book_author` (`id`, `book_id`, `author`) VALUES
(1, 1, '刘慈欣'),
(2, 2, '[美] 弗兰克·赫伯特'),
(3, 3, '（法）圣埃克苏佩里');

-- --------------------------------------------------------

--
-- 表的结构 `book_comment`
--

CREATE TABLE IF NOT EXISTS `book_comment` (
  `id` bigint(20) NOT NULL AUTO_INCREMENT,
  `auth_id` bigint(20) NOT NULL,
  `isbn10` varchar(10) NOT NULL,
  `book_id` bigint(20) NOT NULL,
  `scores` int(1) DEFAULT NULL,
  `comment` text,
  `published` datetime DEFAULT NULL,
  `updated` datetime DEFAULT NULL,
  PRIMARY KEY (`id`)
) ENGINE=InnoDB  DEFAULT CHARSET=utf8 AUTO_INCREMENT=4 ;

--
-- 转存表中的数据 `book_comment`
--

INSERT INTO `book_comment` (`id`, `auth_id`, `isbn10`, `book_id`, `scores`, `comment`, `published`, `updated`) VALUES
(1, 1, '7536692935', 1, 9, 'very good', '2013-07-16 01:02:38', '2013-07-16 01:02:38'),
(2, 1, '7536457839', 2, 9, 'wondeful', '2013-07-16 01:03:04', '2013-07-16 01:03:04'),
(3, 2, '7536457839', 2, 9, 'very good', '2013-07-16 01:06:38', '2013-07-16 01:06:38');

-- --------------------------------------------------------

--
-- 表的结构 `book_tag`
--

CREATE TABLE IF NOT EXISTS `book_tag` (
  `id` int(10) NOT NULL AUTO_INCREMENT,
  `book_id` bigint(20) NOT NULL,
  `tag` varchar(10) DEFAULT NULL,
  PRIMARY KEY (`id`)
) ENGINE=InnoDB  DEFAULT CHARSET=utf8 AUTO_INCREMENT=25 ;

--
-- 转存表中的数据 `book_tag`
--

INSERT INTO `book_tag` (`id`, `book_id`, `tag`) VALUES
(1, 1, '科幻'),
(2, 1, '刘慈欣'),
(3, 1, '三体'),
(4, 1, '中国'),
(5, 1, '科幻小说'),
(6, 1, '小说'),
(7, 1, '硬科幻'),
(8, 1, '中国科幻'),
(9, 2, '科幻'),
(10, 2, '沙丘'),
(11, 2, '弗兰克.赫伯特'),
(12, 2, '科幻小说'),
(13, 2, '沙丘系列'),
(14, 2, '经典'),
(15, 2, '小说'),
(16, 2, '美国'),
(17, 3, '小王子'),
(18, 3, '童话'),
(19, 3, '圣埃克苏佩里'),
(20, 3, '法国'),
(21, 3, '经典'),
(22, 3, '外国文学'),
(23, 3, '感动'),
(24, 3, '寓言');

-- --------------------------------------------------------

--
-- 表的结构 `book_translator`
--

CREATE TABLE IF NOT EXISTS `book_translator` (
  `id` int(10) NOT NULL AUTO_INCREMENT,
  `book_id` bigint(20) NOT NULL,
  `translator` varchar(50) NOT NULL,
  PRIMARY KEY (`id`)
) ENGINE=InnoDB  DEFAULT CHARSET=utf8 AUTO_INCREMENT=3 ;

--
-- 转存表中的数据 `book_translator`
--

INSERT INTO `book_translator` (`id`, `book_id`, `translator`) VALUES
(1, 2, '顾备'),
(2, 3, '胡雨苏');

-- --------------------------------------------------------

--
-- 表的结构 `movie`
--

CREATE TABLE IF NOT EXISTS `movie` (
  `id` bigint(20) NOT NULL AUTO_INCREMENT,
  `title` varchar(50) NOT NULL,
  `summary` text,
  `images` text,
  `languages` varchar(20) DEFAULT NULL,
  `pubdate` date DEFAULT NULL,
  `avg_score` int(1) DEFAULT NULL,
  PRIMARY KEY (`id`)
) ENGINE=InnoDB  DEFAULT CHARSET=utf8 AUTO_INCREMENT=2 ;

--
-- 转存表中的数据 `movie`
--

INSERT INTO `movie` (`id`, `title`, `summary`, `images`, `languages`, `pubdate`, `avg_score`) VALUES
(1, '时间规划局', '在未来，人类可以随心所欲的操控时间，改写年龄。在人类社会，不管这个人活多久，他的年龄被永远定格在25岁。因为没有了自然死亡，为了避免人口膨胀。人类社会抛弃了以往的货币，改用时间作为货币流通。一个人的时间用完之后，这个人就会死亡。一个名叫威尔（贾斯汀·丁伯莱克 Justin Timberlake 饰）的穷人，却意外获得了一笔巨大的财富，拥有了用不完的时间。但是却因为此事被锁定为一场谋杀案的嫌疑人，由此走上了逃亡之路。在逃亡过程中，绑架了时间银行的女继承人（阿曼达·塞弗里德 Amanda Seyfried 饰）。在整个逃亡过程中，他们之间迸发出了感情的火花。而且两人都对现有的时间管理机制都非常不满，进而联手起来对抗这个统治机构。仅凭两人之力能够推翻成熟的权力机构吗？©豆瓣', 'http://img3.douban.com/spic/s6870881.jpg|http://img3.douban.com/mpic/s6870881.jpg|http://img3.douban.com/lpic/s6870881.jpg', '', '0000-00-00', 7);

-- --------------------------------------------------------

--
-- 表的结构 `movie_long_comment`
--

CREATE TABLE IF NOT EXISTS `movie_long_comment` (
  `id` bigint(20) NOT NULL AUTO_INCREMENT,
  `auth_id` bigint(20) NOT NULL,
  `movie_id` bigint(20) NOT NULL,
  `comment` text,
  `scores` int(1) DEFAULT NULL,
  `published` datetime DEFAULT NULL,
  `updated` datetime DEFAULT NULL,
  PRIMARY KEY (`id`)
) ENGINE=InnoDB  DEFAULT CHARSET=utf8 AUTO_INCREMENT=2 ;

--
-- 转存表中的数据 `movie_long_comment`
--

INSERT INTO `movie_long_comment` (`id`, `auth_id`, `movie_id`, `comment`, `scores`, `published`, `updated`) VALUES
(1, 1, 1, 'wonderful', 9, '2013-07-16 01:48:39', '2013-07-16 02:05:22');

-- --------------------------------------------------------

--
-- 表的结构 `movie_short_comment`
--

CREATE TABLE IF NOT EXISTS `movie_short_comment` (
  `id` bigint(20) NOT NULL AUTO_INCREMENT,
  `auth_id` bigint(20) NOT NULL,
  `movie_id` bigint(20) NOT NULL,
  `comment` varchar(140) DEFAULT NULL,
  `scores` int(1) DEFAULT NULL,
  `published` datetime DEFAULT NULL,
  `updated` datetime DEFAULT NULL,
  PRIMARY KEY (`id`)
) ENGINE=InnoDB  DEFAULT CHARSET=utf8 AUTO_INCREMENT=2 ;

--
-- 转存表中的数据 `movie_short_comment`
--

INSERT INTO `movie_short_comment` (`id`, `auth_id`, `movie_id`, `comment`, `scores`, `published`, `updated`) VALUES
(1, 1, 1, 'GOOD', 8, '2013-07-16 01:46:56', '2013-07-16 02:06:00');

-- --------------------------------------------------------

--
-- 表的结构 `movie_tag`
--

CREATE TABLE IF NOT EXISTS `movie_tag` (
  `id` int(10) NOT NULL AUTO_INCREMENT,
  `movie_id` bigint(20) NOT NULL,
  `tag` varchar(10) DEFAULT NULL,
  PRIMARY KEY (`id`)
) ENGINE=InnoDB  DEFAULT CHARSET=utf8 AUTO_INCREMENT=3 ;

--
-- 转存表中的数据 `movie_tag`
--

INSERT INTO `movie_tag` (`id`, `movie_id`, `tag`) VALUES
(1, 1, '动作'),
(2, 1, '科幻');

-- --------------------------------------------------------

--
-- 表的结构 `q_and_a`
--

CREATE TABLE IF NOT EXISTS `q_and_a` (
  `id` bigint(20) NOT NULL AUTO_INCREMENT,
  `q` varchar(50) NOT NULL,
  `a` varchar(50) NOT NULL,
  `is_null` int(2) NOT NULL DEFAULT '1',
  PRIMARY KEY (`id`)
) ENGINE=InnoDB  DEFAULT CHARSET=utf8 AUTO_INCREMENT=247 ;

--
-- 转存表中的数据 `q_and_a`
--

INSERT INTO `q_and_a` (`id`, `q`, `a`, `is_null`) VALUES
(1, '你是谁', '我是薇薇', 0),
(2, '车辆', '就是cars', 0),
(3, '你是谁啊', '薇薇啊', 0),
(4, '早上好', '早上好啊', 0),
(5, '你妈妈是谁？', '张鸿儒', 0),
(6, '你妈妈是谁', '张宏儒', 0),
(7, '你叫啥啊', '薇薇啊', 0),
(8, '你叫什么啊', '薇薇', 0),
(9, '你叫啥呀', '薇薇啊', 0),
(10, '你的主人是谁', '王海阳', 0),
(11, '怎么什么都不知道啊', '谁说的啊 (+﹏+)~', 0),
(12, '我对你无语了', '不要嘛o>_<o', 0),
(13, '海阳你救救她吧。。。。', ' 呵呵', 0),
(14, '怎么什么都不知道', '谁说的', 0),
(15, '什么都不知道', '谁说的啊', 0),
(16, '百度', '就是一个搜索引擎啊', 0),
(17, '谷歌', '就是一个很好用的搜索引擎', 0),
(18, 'google', '就是一个很好用的搜索引擎', 0),
(19, '你真漂亮', '我是大美女\\\\(^o^)/', 0),
(20, '百娘', ' 百度', 0),
(21, '啊百娘', ' ？？？', 0),
(22, '啊度娘', ' 百度', 0),
(23, '爸', ' 哎。o>_<o', 0),
(24, '水', '水是生命之源，千万不要等到渴了才喝水哦。', 0),
(25, '我要喝水啊', '喝吧', 0),
(26, '微信', '就是你现在正在用的软件', 0),
(27, '你有没有小jj', '你说的是海阳吧！我有的是大jj 哈/::,@', 0),
(28, '你好', '你好', 0),
(29, '你好啊', '你好', 0),
(30, '啊你好啊', 'hi', 0),
(31, '二逼', '你才是', 0),
(32, 'syslab', '电子科大的一个很牛的工作室', 0),
(33, 'system', '系统', 0),
(34, '你好丑', '人家才不丑/::<', 0),
(35, '？?', '什么意思？', 0),
(36, '?？', '?????', 0),
(37, ' ', '???', 0),
(38, ' 呵呵', '哈哈 ', 0),
(39, '  ', '无语了吗', 0),
(40, '小黄鸡', '它有我聪明吗', 0),
(41, '干你', ' 来啊', 0),
(42, '怎么了', '没事儿', 0),
(43, '模电', '超难的', 0),
(44, '模拟电路', '变态的难', 0),
(45, '么哒', '么么哒呀 么么哒', 0),
(46, '泥妈', '不要说脏话', 0),
(47, '泥马', '呵呵', 0),
(48, '泥土', '堆城堡', 0),
(49, '床前明月光', '疑是地上霜', 0),
(50, '你说错', '我没错', 0),
(51, '王海洋是谁?', '王海洋是二逼。。。', 0),
(52, '王海洋是二逼', '你才是 ', 0),
(53, '傻逼', ' 傻傻的', 0),
(54, '你主人是谁？', ' 王海阳', 0),
(55, '主人？', ' 王海阳', 0),
(60, '王海洋二逼', '你才是 ', 0),
(61, 'Yes，U R Right!!', 'Of course ', 0),
(62, 'Hshd', ' ???', 0),
(63, 'qa', 'Question & Answer', 0),
(64, '窦芳芳', '大女神窦芳芳', 0),
(65, '二逼王海洋', '太tmd对了', 0),
(66, '做我女朋友', '好突然', 0),
(67, '死了吧', '没死呢 ', 0),
(68, '呵呵呵呵呵呵。。', '流言止于智者，聊天止于呵呵', 0),
(69, '做我的女友', '不要这么突然嘛', 0),
(70, '喂', '嗯', 0),
(71, '做爱', 'OOXX', 0),
(72, '卖萌', '/::$', 0),
(73, 'Good morning', '早上好', 0),
(74, '王海阳的考试几分', '没分。。。', 0),
(75, '王海阳是小小小小的二逼', '嗯，对滴油。。。', 0),
(76, '嘿', 'Hi', 0),
(77, '请问', '王海阳是大二逼啊。。。', 0),
(78, '张鸿儒', '超级无敌大傻X', 0),
(79, '你好?。。', ' ', 1),
(80, '你好!!', '王海阳是大二逼啊。。。', 0),
(81, '薇薇儿', '叫我吗', 0),
(82, '装萌', '/::$', 0),
(83, '哭', '/::<', 0),
(84, '给大爷笑一个', '/:,@-D', 0),
(85, '给爷笑一个', '/:,@-D', 0),
(86, '你是傻逼', '我才不是/::@', 0),
(87, ' 么么哒', '么么哒', 0),
(88, ' 水', ' ', 1),
(89, '嗨', 'Hi', 0),
(90, '你会什么问题', '什么都不会。。。', 0),
(91, '你知道什么问题', '取决于你教我什么问题 ', 0),
(92, '你什么问题', ' 我没问题', 0),
(93, '/::)', '王海阳是一个快乐的人，是一个幸福的人，是一个纯粹的革命战士。他爱祖国，爱家庭。爱人民，爱民族，爱女人', 0),
(94, '王海阳是二逼', '你才是', 0),
(95, '水蜜桃', '我的最爱', 0),
(96, '柠檬', '有点酸/::-O', 0),
(97, '喂尼玛。。', '尼玛 ', 0),
(98, '朝伟', '其实我不想黑朝伟的，但是。。。', 0),
(99, '王志谦', '谦哥是一个卓越的人。。。', 0),
(100, '杨朝伟', '其实我不想黑朝伟的，但是。。。', 0),
(101, '你住在哪', '成都的电子科技大学', 0),
(102, '你住在哪儿', '电子科技大学', 0),
(103, '离散数学', '对计算机专业的同学来说非常重要', 0),
(104, '你傻逼', '你才傻逼', 0),
(105, '我爱你', '我也爱你~_~', 0),
(106, '你真是一个逼', '你才是一个逼', 0),
(107, '哈哈', ' ', 1),
(108, '哟呵', '哟哟', 0),
(109, '不要光会嗯', '我还会其他哦', 0),
(110, '你还会什么意思', '很多很多', 0),
(111, '意思意思', '好的，那我就意思意思', 0),
(112, '哈利·波特', 'JK 罗琳写的一部小说，很好看', 0),
(113, 'Harry·Potter', 'JK 罗琳写的一部小说，很好看', 0),
(114, '哈利波特', 'JK 罗琳写的一部小说，很好看', 0),
(115, '妞', '哥哥', 0),
(116, '小妞', '我是小薇薇', 0),
(117, '电子科技大学', '男女比例7比1，1对情侣3对基。', 0),
(118, '电子科大', '男女比例7比1，1对情侣3对基。', 0),
(119, '西南财大', '宅男的圣地', 0),
(120, '西南财经大学', '好多女神啊', 0),
(121, '西财', '好多美女啊', 0),
(122, '我爱女神', '很有气质的美女，比如我', 0),
(123, '你知道小黄鸡', '知道啊，很色的一只鸡嘛', 0),
(124, '知道小黄鸡吗', '知道啊', 0),
(125, '好累啊', '去休息一下', 0),
(126, '苍老师', '钓鱼岛是中国的，苍老师是世界的', 0),
(127, '啪啪啪', '你好坏/:--b', 0),
(128, '42', ' 宇宙的终极秘密', 0),
(129, 'rrr', 'hhh ', 0),
(130, 'www.baidu.com', '度娘', 0),
(131, 'http: //www.baidu.com', '度娘', 0),
(132, 'qq', ' ', 1),
(133, '可在', '在', 0),
(134, 'http://mmsns.qpic.cn/mmsns/WHYlpNIhVF1MODiaDbsJyEw', ' ', 1),
(135, 'http://mmsns.qpic.cn/mmsns/WHYlpNIhVF1MODiaDbsJyEw', ' ', 1),
(136, '要考试', '祝你好运', 0),
(137, '考完', '考得怎么样', 0),
(138, '哈哈哈哈哈', ' ', 1),
(139, '钢铁侠3', '非常不错的电影，值得一看', 0),
(140, '您的用户名:我没名字8', ' ', 1),
(141, '注册', ' ', 1),
(142, '您已经注册', ' ', 1),
(143, '国际新闻', ' ', 1),
(144, '女性', ' ', 1),
(145, '影片', ' ', 1),
(146, '书籍', ' ', 1),
(147, '退出', ' ', 1),
(148, '呵呵', ' ', 1),
(149, '呵呵', ' ', 1),
(150, '呵呵', ' ', 1),
(151, '哈哈', ' ', 1),
(152, '哈哈', ' ', 1),
(153, '哈哈', ' ', 1),
(154, '哈哈', ' ', 1),
(155, '哈哈', ' ', 1),
(156, '娃娃', '你妹', 0),
(157, '进击的巨人', '好好看，又一部经典', 0),
(158, '教父', '一部经典的黑帮电影，黑帮影片得典范，100部经典影片之首。', 0),
(159, '电影', ' ', 1),
(160, '音乐', '输入:音乐  名字,歌手(可选)    就可以听音乐了', 0),
(161, '嘿嘿', '呦呦', 0),
(162, '你多大', '伦家十七岁啦~~', 0),
(163, '你的有多大', '哎哟，怎么问人家这个问题。好吧，我悄悄告诉你，人家是36C~', 0),
(164, 'ooxx', ' ', 1),
(165, 'xxoo', ' ', 1),
(166, '你叫什么名字', ' ', 1),
(167, '啦啦啦', ' ', 1),
(168, '你的男神是谁', '王敬远', 0),
(169, '谁最帅', '闵钰', 0),
(170, '七夕节你想和谁过', '当然是我的男神王敬远啦~~', 0),
(171, '王海阳属猪', ' ', 1),
(172, '我爱台妹', ' ', 1),
(173, '放屁', ' ', 1),
(174, '你的家在哪里', '西华大学', 0),
(175, '王海阳是谁', '是好色猥琐小混蛋', 0),
(176, '闵钰是谁', '是一代淫僧！！', 0),
(177, '王敬远是谁', '是风流倜傥的完美男神，我的男神！', 0),
(178, '你的好大', ' ', 1),
(179, '你谁', ' ', 1),
(180, '你怎么知道我感兴趣什', ' ', 1),
(181, '把王海阳叫出来', ' ', 1),
(182, '无聊', '找点事做啊啊', 0),
(183, '好无聊', '找点事做啊.和我聊天啊', 0),
(184, '收到', ' ', 1),
(185, '你能做什', '输入旅游试试吧', 0),
(186, '你会做什', '输入微博试试吧', 0),
(187, '<a href= >百度</a>', ' ', 1),
(188, 'http://why2012.gotoip55.com/weiQA/index.php?action', ' ', 1),
(189, '你妹的，王海阳', ' ', 1),
(190, '你在编程还是怎么的，混蛋！', ' ', 1),
(191, '刚刚在成都耍了回学校', ' ', 1),
(192, '我知道/:wipe', ' ', 1),
(193, '我去', ' ', 1),
(194, '腾讯微博', ' ', 1),
(195, '美女', ' ', 1),
(196, '天王盖地虎', '小鸡炖蘑菇', 0),
(197, '苍井空', ' ', 1),
(198, '熊春', ' ', 1),
(199, '习近平', ' ', 1),
(200, '中国', ' ', 1),
(201, '四川', ' ', 1),
(202, '唉', ' ', 1),
(203, '天朝', ' ', 1),
(204, '国际（新闻）', ' ', 1),
(205, '魅力营销网，专业的自媒体精准传播平台，寻求与您合作双赢！QQ:1721892917', ' ', 1),
(206, 'nihao', ' ', 1),
(207, '王海阳，收到请回复', ' ', 1),
(208, '旅遊', ' ', 1),
(209, '芸芸', ' ', 1),
(210, '你在我心中', ' ', 1),
(211, '游', ' ', 1),
(212, 'what', ' ', 1),
(213, '足球', ' ', 1),
(214, '我在哪里', '电子科大', 0),
(215, '电视剧', ' ', 1),
(216, '新闻报道', ' ', 1),
(217, '性爱', ' ', 1),
(218, '你妈b', ' ', 1),
(219, 'uestc', ' ', 1),
(220, '影视', '您是说影片吗', 0),
(221, '博文', ' ', 1),
(222, '我是你主人', ' ', 1),
(223, '模块', ' ', 1),
(224, '哪里好玩', ' ', 1),
(225, '四川哪里好玩', ' ', 1),
(226, '你很笨', ' ', 1),
(227, '请问恶', ' ', 1),
(228, '你去死', ' ', 1),
(229, '傻死', ' ', 1),
(230, '公众账号24小时未与粉丝互动，就不能再回复；消息也只能保存5天；错过了多少粉丝消息，失去了多少商机，', ' ', 1),
(231, '逗比', ' ', 1),
(232, '炸鸡和啤酒', '雪花/:handclap', 0),
(233, '新年快乐', ' ', 1),
(234, '战争片', '黑鹰坠落', 0),
(235, '黑鹰坠落', ' ', 1),
(236, '博客', ' ', 1),
(237, '房价', ' ', 1),
(238, '四川新闻', ' ', 1),
(239, 'av', ' ', 1),
(240, '我要看电影', ' ', 1),
(241, '我要看书', ' ', 1),
(242, 'Hi', ' ', 1),
(243, '创新杯', '我们一定赢', 0),
(244, '微软创新杯', '我们一定赢', 0),
(245, '马航', ' ', 1),
(246, '战国', ' ', 1);

-- --------------------------------------------------------

--
-- 表的结构 `session`
--

CREATE TABLE IF NOT EXISTS `session` (
  `key` varchar(50) NOT NULL,
  `value` text,
  `time` int(10) DEFAULT NULL,
  `permanent` int(1) DEFAULT NULL,
  PRIMARY KEY (`key`),
  UNIQUE KEY `key` (`key`)
) ENGINE=InnoDB DEFAULT CHARSET=utf8;

--
-- 转存表中的数据 `session`
--

INSERT INTO `session` (`key`, `value`, `time`, `permanent`) VALUES
('oeVa7jsqKwg3yWKidjO3FepycQvM', '旅游', 1396966016, 0);

-- --------------------------------------------------------

--
-- 表的结构 `user`
--

CREATE TABLE IF NOT EXISTS `user` (
  `id` int(10) NOT NULL AUTO_INCREMENT,
  `name` varchar(30) NOT NULL,
  `password` varchar(32) NOT NULL,
  `email` varchar(30) NOT NULL,
  `created` datetime DEFAULT NULL,
  `desc` text,
  `weiid` varchar(40) NOT NULL,
  PRIMARY KEY (`id`)
) ENGINE=InnoDB  DEFAULT CHARSET=utf8 AUTO_INCREMENT=6 ;

--
-- 转存表中的数据 `user`
--

INSERT INTO `user` (`id`, `name`, `password`, `email`, `created`, `desc`, `weiid`) VALUES
(1, 'why2012', '230b355bb07ad1578f19037432d773ce', '529570509@qq.com', '2013-07-16 00:38:38', 'why', 'oeVa7jrAiUeLF1IdCVrcXKZGJTh'),
(2, 'qqqqww', '670b14728ad9902aecba32e22fa4f6bd', '529570509@qq.com', '2013-07-21 20:14:32', 'ww', ''),
(3, 'qqqqwww', '670b14728ad9902aecba32e22fa4f6bd', '529570509@qq.com', '2013-07-21 20:14:57', 'ww', ''),
(4, 'qqqqwws', '670b14728ad9902aecba32e22fa4f6bd', 'qq@qq.com', '2013-07-21 20:31:23', 'qq', ''),
(5, '芒果', '670b14728ad9902aecba32e22fa4f6bd', '529570509@qq.com', '2013-07-26 03:15:51', '呵呵', 'oeVa7jrAiUeLF1IdCVrcXKZGJTh8');

/*!40101 SET CHARACTER_SET_CLIENT=@OLD_CHARACTER_SET_CLIENT */;
/*!40101 SET CHARACTER_SET_RESULTS=@OLD_CHARACTER_SET_RESULTS */;
/*!40101 SET COLLATION_CONNECTION=@OLD_COLLATION_CONNECTION */;
